"UserID","EmpID","First Name","Middle Name","Last Name","Date of Birth","Gender","Contact Number","Alternate Number","Personal Email","Marital Status","Department","Designation","Father Claim","Father FirstName","Father LastName","Father DOB","Mother Claim","Mother FirstName","Mother LastName","Mother DOB","Spouse Name","Spouse DOB","NoOfChild","Child Name","Child DOB","Child Gender"
3,"00003","user3","","user","10-01-1988","Male","1234567890","9876543210","test@abc.com","Divorced","Admin","Senior Accounts Executive",false,"Josesh","","28-01-1980",true,"Mary","test","28-01-1980","","          ",4,"aa","28-06-2018","Male"
3,"00003","user3","","user","10-01-1988","Male","1234567890","9876543210","test@abc.com","Divorced","Admin","Senior Accounts Executive",false,"Josesh","","28-01-1980",true,"Mary","test","28-01-1980","","          ",4,"ff","27-06-2018","Male"
3,"00003","user3","","user","10-01-1988","Male","1234567890","9876543210","test@abc.com","Divorced","Admin","Senior Accounts Executive",false,"Josesh","","28-01-1980",true,"Mary","test","28-01-1980","","          ",4,"test","22-06-2018","Male"
3,"00003","user3","","user","10-01-1988","Male","1234567890","9876543210","test@abc.com","Divorced","Admin","Senior Accounts Executive",false,"Josesh","","28-01-1980",true,"Mary","test","28-01-1980","","          ",4,"TEst","26-06-2018","Male"
13,"00025","user13","","user","01-01-1988","Male","1234567890","1111111122","abc@bca.com","Married","HR","Senior Executive - Hr",true,"test B","","10-06-2018",true,"test A","","10-06-2018","test a","17-06-2018",1,"A","24-06-2018","Male"
14,"00027","user14","","user","01-01-1988","Male","1234567890","1234567890","test@test.com","Divorced","Engineering","Engineer",true,"test","","20-05-2018",true,"test","","20-05-2018","","          ",0,,"",
22,"00056","sam","","billings","01-01-1988","Male","1234567890","75654654543","dsf@dsrc.co.in","Single","HR","Senior Executive - Hr TEMP",false,"test","test","26-06-2018",true,"test","test","26-06-2018","","          ",0,,"",
49,"01395","steve","","jobs","01-01-1988","Female","1234567890","5245245245","testgdfgd@fgh.vo","Married","Microsoft - .NET","Tech Lead",true,"test","tets","06-06-2018",true,"Test test","sdf","23-05-2018","adsfdsa","25-06-2018",0,,"",
650,"02707","Mudit","","Sharma","27-01-1988","Male","12544413421","1234567890","test@dsrc.co.in","Married","Microsoft - .NET","Trainee Programmer",true," test","test","19-06-2018",false,"","","          ","","          ",0,,"",
661,"06572","RAMESH","","KUMAR","28-05-2018","Male","1234567890","1234567890","Test@dsrc.co.in","Married","Microsoft - .NET","Trainee Programmer",true,"Subbiramanian","Ramesh","05-11-2017",true,"Petchi","Mother","20-05-2018","dfsafd","22-06-2018",3,"A","26-06-2018","Male"
661,"06572","RAMESH","","KUMAR","28-05-2018","Male","1234567890","1234567890","Test@dsrc.co.in","Married","Microsoft - .NET","Trainee Programmer",true,"Subbiramanian","Ramesh","05-11-2017",true,"Petchi","Mother","20-05-2018","dfsafd","22-06-2018",3,"B","28-05-2018","Female"
661,"06572","RAMESH","","KUMAR","28-05-2018","Male","1234567890","1234567890","Test@dsrc.co.in","Married","Microsoft - .NET","Trainee Programmer",true,"Subbiramanian","Ramesh","05-11-2017",true,"Petchi","Mother","20-05-2018","dfsafd","22-06-2018",3,"C","11-06-2018","Male"